VIN,make,model,year
3FMTK4SE8MME00569,Ford,Mustang Mach-E,2021
1FM5K8GT2KGB27773,Ford,Explorer,2019
1ZVFT80N755166258,FORD,MUSTANG,2005
1FMYU01191KB81891,FORD,ESCAPE,2001
1FADP3F26DL208773,FORD,FOCUS,2013
1FMPU16L13LA35039,Ford,Expedition,2003
1ZVHT82H295101534,FORD,MUSTANG,2009
1FM5K8GT8FGC40469,Ford,Explorer,2015
1FMZU74E02UB80534,FORD,EXPLORER,2002
1FATP8FF9L5161270,FORD,Mustang,2020
1FTMF1CB1JKF05070,Ford,F-150,2018
1FADP3L97EL395766,FORD,FOCUS,2014
1FTPW14V88FB24423,FORD,F-150,2008
1FTPW14V89FA61292,FORD,F-150,2009
1FTFW1E53JKC57565,Ford,F-150,2018
1FMZU73K94ZA16003,FORD,EXPLORER,2004
1ZVBP8AM3C5270106,FORD,MUSTANG,2012
1FA6P8CF8J5179869,Ford,Mustang,2018
1fabp44a3hf230189,FORD,MUSTANG,1987
1FMJU1HT3FEF49860,FORD,EXPEDITION,2015
1FAHP3GNXBW101327,FORD,FOCUS,2011
1FMZU65WX4UB78441,FORD,EXPLORER,2004
1FMDU34X7PUB64679,FORD,EXPLORER,1993
1FMDU34X2TZB79300,FORD,EXPLORER,1996
1ftpx12524nb72614,Ford,F-150,2004
1FMCU9GD7HUC54920,Ford,Escape,2017
1FMZU63K55UB72516,FORD,EXPLORER,2005
1FAFP40433F329671,FORD,MUSTANG,2003
1FTRX18L5YNB91047,Ford,F-150,2000
1FTEW1EF4FFB49234,Ford,F-150,2015
1FM5K8B82FGC28708,Ford,Explorer,2015
1FTFX1EF9FKD72880,Ford,F-150,2015
1FMYU22XXWUD03183,FORD,EXPLORER,1998
1FTRX17W0XNB00342,Ford,F-150,1999
1FMFU17537LA53639,FORD,EXPEDITION,2007
1FMEU73E58UA81281,FORD,EXPLORER,2008
1FTEW1EF6HKC42315,Ford,F-150,2017
1FTYR14X9XTA40818,FORD,RANGER,1999
1FTRF12265KC15338,FORD,F-150,2005
1FM5K7D81DGA36328,FORD,EXPLORER,2013
1FTPX12536FA57582,FORD,F-150,2006
1FAHP35N38W294612,FORD,FOCUS,2008
1FALP45T9RF147758,Ford,Mustang,1994
1FTZR15E51PB76901,FORD,RANGER,2001
1FTPX14535FB30378,FORD,F-150,2005
1FTFW1EF5BFA32177,Ford,F-150,2011
1FTEW1EB8KFB71874,Ford,F-150,2019
1FTYR10D13PA53545,Ford,Ranger,2003
3FAFP31393R121622,FORD,FOCUS,2003
1FTRW07W31KB86185,FORD,F-150,2001
1FTEW1E45LFA79849,Ford,F-150,2020
1FTYR10D36PA44768,Ford,Ranger,2006
1FTDF15E4BPA62781,FORD,F-150,1981
1FTYR10C2XUB22631,FORD,RANGER,1999
1FM5K8D88JGA91408,Ford,Explorer,2018
1FTFW1ET6EFC71960,Ford,F-150,2014
1ZVFT80N555214985,FORD,MUSTANG,2005
1FMEU6DE1AUA24168,FORD,EXPLORER,2010
1FTYR44U16PA04863,FORD,RANGER,2006
1FTBR10C9GUB13656,Ford,Ranger,1986
1FMZU32E1XZA83428,FORD,EXPLORER,1999
1FAHP3H21CL209942,Ford,Focus,2012
1FTRW07692KD69107,FORD,F-150,2002
1FTPW12V79FA91578,FORD,F-150,2009
1FMCU03128KA92620,FORD,ESCAPE,2008
1FTCR10U6VUA10964,Ford,Ranger,1997
1FTEW1CBXJKE60778,Ford,F-150,2018
1FTEX1EM6EFC29662,Ford,F-150,2014
1fmeu73e79ua19625,FORD,EXPLORER,2009
1FTFW1EF6EFC91488,FORD,F-150,2014
1FADP3K23EL335620,Ford,Focus,2014
1FADP3K24FL363718,Ford,Focus,2015
1FACP42E2LF178329,Ford,Mustang,1990
1ZVBP8CF1C5228032,Ford,Mustang,2012
1FAHP3N2XCL267875,FORD,FOCUS,2012
1ftrx12wx5nb54378,FORD,F-150,2005
1FMCU9GD5JUC99800,Ford,Escape,2018
1FMPU18L83LA04397,Ford,Expedition,2003
1fa6p8thxg5221484,Ford,Mustang,2016
1FMCU9J92EUC68045,Ford,Escape,2014
1FTEW1EPXJKE34562,Ford,F-150,2018
1FTRX17232NA10236,FORD,F-150,2002
1fmhk8d81bga92270,FORD,EXPLORER,2011
1ZVHT82H685155756,Ford,Mustang,2008
1FM5K7F82FGA89653,FORD,EXPLORER,2015
1FTZR45E07PA11042,Ford,Ranger,2007
1ZVBP8AN7A5181323,Ford,Mustang,2010
1ftpw14575fa91152,Ford,F-150,2005
1fmhk8d82cga89234,FORD,EXPLORER,2012
1ftex1cm9efb01046,Ford,F-150,2014
1fadp3k22Gl231462,FORD,FOCUS,2016
1ftpw12535fa13518,Ford,F-150,2005
1FTEW1E55LFC22226,Ford,F-150,2020
1fmzu84p01ub25149,FORD,EXPLORER,2001
1FATP8UHXK5179294,Ford,Mustang,2019
1FM5K8D85HGC54994,FORD,EXPLORER,2017
1FM5K8F81JGA96396,Ford,Explorer,2018
1FTKR1AD4BPA53381,Ford,Ranger,2011
1ZVFT80N175358276,Ford,Mustang,2007
1FA6P8CF9H5246408,Ford,Mustang,2017
1FTRF12W95NB32276,Ford,F-150,2005
1FMCU0F75DUB54901,FORD,ESCAPE,2013
1FA6P8CF8K5102274,Ford,Mustang,2019
1FMYU03181KC21309,FORD,ESCAPE,2001
1ftrx17l3yka18260,Ford,F-150,2000
1FTEW1E51JFA26555,Ford,F-150,2018
1ftyr10u43pa88354,Ford,Ranger,2003
1FMCU9GX5GUB10274,Ford,Escape,2016
1FTYR15E33TA42748,FORD,RANGER,2003
1FA6P8CF7F5418187,Ford,Mustang,2015
1FAFP31N07W172785,FORD,FOCUS,2007
1FMRU1865XLB92112,Ford,Expedition,1999
1FTEX1EB4JKF85463,Ford,F-150,2018
1FTFW1CT1BFB95949,FORD,F-150,2011
1FAFP45X63F387843,FORD,MUSTANG,2003
1FTPX12V17FB88656,FORD,F-150,2007
1FTPX12525NA45508,FORD,F-150,2005
1FTRW12W57FA06932,FORD,F-150,2007
1FTFW1ET4EKD31113,Ford,F-150,2014
1FTCR14X6PPA93754,Ford,Ranger,1993
1FAFP34N55W275421,FORD,FOCUS,2005
1FTFW1ET2CFB39355,Ford,F-150,2012
1FA6P8CF0F5304693,Ford,Mustang,2015
1FMCU9EG9AKC96407,Ford,Escape,2010
1FTRW08L43KA85910,FORD,F-150,2003
1FTEw1c88HFB68487,Ford,F-150,2017
1FMCU9J97DUB21119,FORD,ESCAPE,2013
1FAFP31N47W211796,FORD,FOCUS,2007
1FTFW1EF4BKD01020,FORD,F-150,2011
1FTEF15Y8TLA94480,FORD,F-150,1996
1FTCR10A7VTA42267,Ford,Ranger,1997
1FMPU18515LA74571,FORD,EXPEDITION,2005
1FMPU16L33LB66876,Ford,Expedition,2003
1fa6p8cf4f5403744,Ford,Mustang,2015
1FA6p8CF1H5301787,Ford,Mustang,2017
1FMDU32X1TZA95133,FORD,EXPLORER,1996
1FMCU0JX3GUB58098,FORD,ESCAPE,2016
1FMCU0F70HUE18435,Ford,Escape,2017
1FTPX14517FB84006,FORD,F-150,2007
1FMCU0C72CKC75285,Ford,Escape,2012
1fm5k8gt4ggb05734,Ford,Explorer,2016
1FTPX04575KD54853,FORD,F-150,2005
1FMCU0GD7HUC42200,Ford,Escape,2017
1FTYF1767WNC08843,Ford,F-150,1998
1FMPU16L31LA53765,FORD,EXPEDITION,2001
1FMSK7FH0LGC97142,Ford,Explorer,2020
1FABP42E1KF310345,FORD,MUSTANG,1989
1FTRW08LX1KA23764,FORD,F-150,2001
1FA6P8TH5L5153959,FORD,Mustang,2020
1FTKR1AD9BPB01781,FORD,RANGER,2011
1ftrw12w74kb13922,FORD,F-150,2004
1FADP3F23EL175989,Ford,Focus,2014
1FTCR15X0TPB55772,FORD,RANGER,1996
1FTEX1EP4MKE09240,Ford,F-150,2021
1FTPX14554NB09049,Ford,F-150,2004
1FTFW1ET3DKD03107,FORD,F-150,2013
1FMJU1KT0JEA05060,Ford,Expedition,2018
1FMYU03143KA50142,Ford,Escape,2003
1FAFP40491F186593,Ford,Mustang,2001
1FTFW1CV2AFB33685,FORD,F-150,2010
2FTPX18LXYCA61441,Ford,F-150,2000
1FAFP42X52F116663,Ford,Mustang,2002
1FTEW1E40LFB38953,Ford,F-150,2020
1FMZU63K15UB41683,FORD,EXPLORER,2005
1FTEW1E56JFB62339,Ford,F-150,2018
1fmdu34x2pub85276,FORD,EXPLORER,1993
1FTFW1EF9BKD25118,FORD,F-150,2011
1FADP3F26DL276927,FORD,FOCUS,2013
1FTRX17L11NA12767,FORD,F-150,2001
1FMCU9DG7CKA33613,FORD,ESCAPE,2012
1FMYU60X7YUA85247,FORD,EXPLORER,2000
1ftrf12298kc46698,Ford,F-150,2008
1FTYR44U74PA13001,FORD,RANGER,2004
1fafp40411f218243,Ford,Mustang,2001
1FTYR10U04PA18044,FORD,RANGER,2004
1FTEW1CP6GKF19698,Ford,F-150,2016
1FTYR14U2WPA16261,FORD,RANGER,1998
1FTDX18W0VNC21586,FORD,F-150,1997
1FTPW12V68FB66737,FORD,F-150,2008
1FTPX14V78FA67970,FORD,F-150,2008
1FM5K8GT9GGD01880,Ford,Explorer,2016
1FTMF1CM2EKF94140,Ford,F-150,2014
1FMPU16L74LA72467,FORD,EXPEDITION,2004
1FTRX17W73NB28164,FORD,F-150,2003
1FAFP38Z05W293919,FORD,FOCUS,2005
1FAFP42XX2F148153,Ford,Mustang,2002
1FALP45T5RF150026,Ford,Mustang,1994
1FM5K8D82EGA65666,Ford,Explorer,2014
1FTCR15X0TPA31453,Ford,Ranger,1996
1fafp40442f106389,Ford,MUSTANG,2002
1FMCU0HX6DUC76339,Ford,Escape,2013
1FATP8UH6L5111978,Ford,Mustang,2020
1FTPX14597FB47849,FORD,F-150,2007
1FAFP44634F197346,FORD,MUSTANG,2004
1FAFP4044YF294226,FORD,MUSTANG,2000
1fa6p8cf2f5369612,FORD,MUSTANG,2015
1Zvht80n685184652,FORD,MUSTANG,2008
1FAHP3K20CL375345,Ford,Focus,2012
1FTEW1EP6HFB64927,Ford,F-150,2017
1FALP4046VF124786,FORD,MUSTANG,1997
1ZVBP8AN8A5156723,FORD,MUSTANG,2010
1FTPW14535KC58680,FORD,F-150,2005
1FTFW1E53JKC55315,Ford,F-150,2018
1FTYR14U52PA39740,FORD,RANGER,2002
1FM5K8AR4JGB67929,Ford,Explorer,2018
1FTFW1EF4DKE01783,FORD,F-150,2013
1FMCU0F70HUC14721,Ford,Escape,2017
1FAFP42X64F113421,FORD,MUSTANG,2004
1FMCU9GX4FUB64891,Ford,Escape,2015
1ZVBP8AM4D5262727,Ford,Mustang,2013
1fmzu67e93Uc50085,FORD,EXPLORER SPORT TRAC,2003
1FAHP3M27CL332487,FORD,FOCUS,2012
1FAHP363X3W289557,FORD,FOCUS,2003
1FMHK7F88CGA47030,FORD,EXPLORER,2012
1FTYR10D28PA97111,Ford,Ranger,2008
1FTRF12217NA20104,FORD,F-150,2007
1FMJU2AT9MEA29224,Ford,Expedition,2021
1FTFW1E54JKE18960,Ford,F-150,2018
1FAHP3FN8AW170257,Ford,Focus,2010
1FAFP42X01F173724,FORD,MUSTANG,2001
1FTRX12W35NB79140,FORD,F-150,2005
1FTFW1ET1DKF62579,Ford,F-150,2013
1FALP45D9RF158803,FORD,MUSTANG SVT COBRA,1994
1fmju1j55def09305,Ford,Expedition,2013
1ftew1c87ake14555,FORD,F-150,2010
1FTEW1E50JKC86520,Ford,F-150,2018
1zvft80n665230436,Ford,Mustang,2006
1FADP3F26GL401655,FORD,FOCUS,2016
1FAHP32N98W275146,FORD,FOCUS,2008
1FMDU74W94UC05078,Ford,Explorer,2004
1FMEU73E07UA97791,Ford,Explorer,2007
1FAFP40451F132319,Ford,Mustang,2001
1FTEW1EP2GKF86134,Ford,F-150,2016
1FA6P8CF7K5134195,Ford,Mustang,2019
1FTEW1EG2JFB64381,FORD,F-150,2018
1FAFP4446XF169723,FORD,MUSTANG,1999
1FMCU0G7XFUA65147,Ford,Escape,2015
1FMYU60EX3UB64953,FORD,EXPLORER SPORT,2003
1FTRF122X6NB22872,FORD,F-150,2006
1FMYU03115KA36430,FORD,ESCAPE,2005
2FTRX17W7XCB17855,Ford,F-150,1999
1FAfP45X9Wf192081,FORD,Mustang,1998
1FTPX14577FA66784,FORD,F-150,2007
1FTFW1EF8BFB31611,FORD,F-150,2011
1FMDU34X2SUB65411,FORD,EXPLORER,1995
1FMZU62E02UB77839,Ford,Explorer,2002
1FTPW14524KB82626,FORD,F-150,2004
1FMJK1JT0GEF50515,Ford,Expedition,2016
1ftzr15u2wpb41392,FORD,RANGER,1998
1fmeu62e06za18861,Ford,Explorer,2006
1FTRF12256NA15034,FORD,F-150,2006
1FTPX14V37FA39257,FORD,F-150,2007
1ZVBP8EM4E5240335,FORD,MUSTANG,2014
1FTDX18W4VNC44806,Ford,F-150,1997
1FAHP3FN6BW197121,FORD,FOCUS,2011
1FMEU33K67UB56325,Ford,Explorer+Sport+Trac,2007
1FTRF12W57NA76131,FORD,F-150,2007
1FMCU49309KB96489,FORD,ESCAPE HYBRID,2009
1FTRX12W88FB84655,Ford,F-150,2008
1FADP3F23DL308751,FORD,FOCUS,2013
1FTPW14524KD42956,FORD,F-150,2004
1fm5k8d82egb47896,Ford,Explorer,2014
1FTFW1EF7EKF48083,Ford,F-150,2014
1FTRX17L21KF82858,Ford,F-150,2001
1FMCU03198KC93379,Ford,Escape,2008
1FMHK7B82CGA64623,FORD,EXPLORER,2012
1fmyu931x5ka53540,Ford,Escape,2005
1fmcu0D70AKA68793,FORD,ESCAPE,2010
2FTRX07282CA61165,FORD,F-150,2002
1FTCR15X6TPA41954,FORD,RANGER,1996
1FTCR11T8LUB39792,FORD,RANGER,1990
1FTPW14V17KB45426,Ford,F-150,2007
1FAHP3GN0AW183986,FORD,FOCUS,2010
1FTPX14V99FA39461,FORD,F-150,2009
1FMCU02Z28KB50099,FORD,ESCAPE,2008
1ZVHT82H785105173,FORD,MUSTANG,2008
1ftpw14v69fa18246,FORD,F-150,2009
1FTRW07663KA17331,FORD,F-150,2003
1fter4eh6lla35775,Ford,Ranger,2020
1ZVFT80N055233928,FORD,MUSTANG,2005
1FTEW1E88FFB01950,Ford,F-150,2015
1FTPW12V76FA70838,FORD,F-150,2006
1FTPX12565NA41560,FORD,F-150,2005
1FMDU34X1RUE57982,FORD,EXPLORER,1994
1ftrx18l4xnb16953,Ford,F-150,1999
1FM5K8B81DGC08933,FORD,EXPLORER,2013
1FMCU9J98JUC99729,Ford,Escape,2018
1FMEU75848UA64589,FORD,EXPLORER,2008
1FAHP34P0YW198603,FORD,FOCUS,2000
1FTPW14547KB38518,Ford,F-150,2007
1ZVBP8AM6B5135233,FORD,MUSTANG,2011
1FTFW1EF8FFC55173,Ford,F-150,2015
1FADP3K25EL411175,FORD,FOCUS,2014
1FADP3K27FL378519,FORD,FOCUS,2015
1ZVBP8EM0E5233415,FORD,MUSTANG,2014
2FTEF15N5NCA78174,FORD,F-150,1992
1FM5K8B87GGC62967,Ford,Explorer,2016
1FMCU03148KA91761,FORD,ESCAPE,2008
1FTFW1E81MKD73104,Ford,F-150,2021
1FTPW12V68FB89466,FORD,F-150,2008
1ZVHT82H275241645,FORD,MUSTANG,2007
1fm5k7b88ggb44162,Ford,Explorer,2016
1FMZU34X3WZA94962,FORD,EXPLORER,1998
1FTPW14544KB84202,FORD,F-150,2004
1FTYR10V9XTA11727,FORD,RANGER,1999
1FTDF14E2CRA27101,Ford,F-150,1982
1FMCU03188KC32380,FORD,ESCAPE,2008
1FTEX1EV6AFA63985,FORD,F-150,2010
1FMRU15W14LB86825,Ford,Expedition,2004
1FTEW1EG9KFD04797,Ford,F-150,2019
1FM5K8GT7DGB53059,Ford,Explorer,2013
1FALP404XTF211636,FORD,MUSTANG,1996
1FTEW1CP6JKD31996,Ford,F-150,2018
1FTFW1ET0EFB71207,FORD,F-150,2014
1FAFP4449YF268134,FORD,MUSTANG,2000
1FMCU0GD0HUD65689,Ford,Escape,2017
1FTEX1CM8BFB75540,FORD,F-150,2011
1FMDU34X2VZA42585,FORD,EXPLORER,1997
1FMCU9J90DUA51270,FORD,ESCAPE,2013
1FMYU04192KB46510,FORD,ESCAPE,2002
1ftfw1ct2dke17960,Ford,F-150,2013
1fafp42x71f129008,FORD,MUSTANG,2001
1FMCU0DG8AKC89820,Ford,Escape,2010
1FTPX14574NB74517,FORD,F-150,2004
1FTFW1ET0DFB89205,FORD,F-150,2013
1FTEW1EG8HKE54626,Ford,F-150,2017
1FTEX14NXNKB30652,FORD,F-150,1992
1fmzu73e62zc37632,FORD,EXPLORER,2002
1fm5k7b85ega90400,FORD,EXPLORER,2014
1FAHP3K26CL428338,FORD,FOCUS,2012
1FALP42X0TF112167,Ford,Mustang,1996
1FM5K7DH1JGC91833,Ford,Explorer,2018
1FADP3K27EL165388,Ford,Focus,2014
1FTEF14N2GNA44272,FORD,F-150,1986
1FTEW1EFXGFD53361,Ford,F-150,2016
1FTFW1EG5JKF06854,Ford,F-150,2018
1FMRU1766WLC42709,FORD,EXPEDITION,1998
1FAHP3H2XCL374193,FORD,FOCUS,2012
1FMPU18L2wla28442,FORD,EXPEDITION,1998
1FMCU0GX5DUC08857,FORD,ESCAPE,2013
1FAFP42X2XF112870,FORD,MUSTANG,1999
1FTCR11X8RPA27696,FORD,RANGER,1994
1FTMF1EF9DFD95690,FORD,F-150,2013
1FAFP34N16W118227,Ford,Focus,2006
1FTCR14UXPTA15457,FORD,Ranger,1993
1FTPW14V59FB34084,FORD,F-150,2009
1FA6P8CF3K5184883,Ford,Mustang,2019
1FTEW1EG8FFB22675,Ford,F-150,2015
1FTFW1EF1DFA30493,Ford,F-150,2013
1FMDU85P51ZA00238,FORD,EXPLORER,2001
1zvbp8am1d5259607,Ford,Mustang,2013
1FTPX14V38KD34867,FORD,F-150,2008
1FAHP3F28CL342278,Ford,Focus,2012
1FTFW1EF7BKE02861,FORD,F-150,2011
1FTFW1R68CFA65850,FORD,F-150,2012
1FMZU72K04UB71733,FORD,EXPLORER,2004
1FTYR10U66PA25180,FORD,RANGER,2006
1ZVBP8AN6a5130539,Ford,Mustang,2010
1FTMF1EW3AKA21370,Ford,F-150,2010
1ZVFT80N655150584,FORD,MUSTANG,2005
1FABP44E8KF236094,FORD,MUSTANG,1989
1FTEX1E81AFA35053,FORD,F-150,2010
1FMCU94195KB84466,FORD,ESCAPE,2005
1FTEW1EG4FFC96680,Ford,F-150,2015
1ZVFT82H665254534,Ford,Mustang,2006
1FTFW1EF9BFA44803,FORD,F-150,2011
1fmpu15lx3la68400,FORD,EXPEDITION,2003
1fmcu9gxxgua67325,FORD,ESCAPE,2016
1FTFW1CF3EKE78973,FORD,F-150,2014
1FTEW1EF2GFB24530,Ford,F-150,2016
1ZVBP8CH0A5160644,FORD,MUSTANG,2010
1FTEW1EG6GFD32631,FORD,F-150,2016
1FTRW08663KC83754,FORD,F-150,2003
1FMPU16L83LA20022,FORD,EXPEDITION,2003
1FMZU73K13ZB25585,FORD,EXPLORER,2003
1FTZX18W6WNC22877,Ford,F-150,1998
1FTYR10D26PA27699,Ford,Ranger,2006
1FMZU73KX5UB63008,FORD,EXPLORER,2005
1FADP3K21FL304867,FORD,FOCUS,2015
1FA6P8CF5J5117443,Ford,Mustang,2018
1FM5K8FH1JGB95946,Ford,Explorer,2018
1FAHP3F27CL470625,FORD,FOCUS,2012
1FTFW1ET6DKD95698,FORD,F-150,2013
1FTEW1CPXFKF21811,FORD,F-150,2015
1FMZU73K03ZA25445,Ford,Explorer,2003
1FMJK1H53BEF21929,FORD,EXPEDITION EL,2011
1FMCU03709KC99870,FORD,ESCAPE,2009
1FTPX14546NA20060,Ford,F-150,2006
1FADP3F28HL337720,Ford,Focus,2017
1FTRF07223KD41762,FORD,F-150,2003
1fafp40472f126409,Ford,MUSTANG,2002
1FMYU60E43UC11331,FORD,EXPLORER SPORT,2003
1FAHP34N87W243025,Ford,Focus,2007
1FTPX12516FA89365,Ford,F-150,2006
1FAFP40452F217145,FORD,MUSTANG,2002
1FTRF17W72NA95670,FORD,F-150,2002
1FTEX14HXNKb90179,FORD,F-150,1992
1FMYU02Z16KC50584,Ford,Escape,2006
1FMZU67K54UB10624,FORD,EXPLORER+SPORT+TRAC,2004
1FTEX1EP3JKD14938,Ford,F-150,2018
3FAFP37353R185860,Ford,Focus,2003
1FTFW1CT9EFA23706,Ford,F-150,2014
1FAHP3M29CL479636,Ford,Focus,2012
1FTRX18W5XNB50989,FORD,F-150,1999
1FMCU9DG1AKD20779,FORD,ESCAPE,2010
1ZVFT82Hx75255431,FORD,MUSTANG,2007
1ZVHT80N865110789,Ford,Mustang,2006
1FA6P8TD3L5135828,Ford,Mustang,2020
1FTPW12V28FA12798,FORD,F-150,2008
1ftew1c88afc68868,FORD,F-150,2010
1ftfw1ed9nfa66965,Ford,F-150,2022
1FTPW12594KD84916,FORD,F-150,2004
1FTEW1CG0JFB99763,FORD,F-150,2018
1FTFW1ET6BFB83826,FORD,F-150,2011
1ZVBP8AM7E5217217,FORD,MUSTANG,2014
1ftew1cm0dfb23390,Ford,F-150,2013
1FA6P8AM2H5324366,Ford,Mustang,2017
1FTPX12586NA05015,FORD,F-150,2006
1FMZU63K32UD31609,Ford,Explorer,2002
1FTYR44U14PB05544,FORD,RANGER,2004
1fmeu74e26ub05600,Ford,Explorer,2006
1FMJU2AT5GEF31555,Ford,Expedition,2016
1FTRF12W45KC56716,FORD,F-150,2005
1ZVBP8EM2E5271812,Ford,Mustang,2014
1FAFP34N15W250189,Ford,Focus,2005
1FMYU04132KC82549,FORD,ESCAPE,2002
1FMJU1JT5MEA01639,Ford,Expedition,2021
1FMPU18L9WLA82305,FORD,EXPEDITION,1998
1FTFW1EFXDKF66964,FORD,F-150,2013
1FTRX18L8YKB23973,FORD,F-150,2000
1FMPU15516LB00639,FORD,EXPEDITION,2006
1FTDF15Y2SNA61070,Ford,F-150,1995
1FADP3FE1JL331709,Ford,Focus,2018
1FTER1FHXKLA46595,Ford,Ranger,2019
1faFp34n57w122766,FORD,FOCUS,2007
1FTFW1E59JKF24675,Ford,F-150,2018
1FMPU18LXXLA36869,FORD,EXPEDITION,1999
1FADP3K2XDL110822,FORD,FOCUS,2013
1FADP3F2XGL279592,Ford,Focus,2016
1FMZU73K53ZA74396,Ford,Explorer,2003
1FTFW1E58KKD61132,Ford,F-150,2019
1FADP3K21FL222296,Ford,Focus,2015
1FTCR10A6NTA27792,FORD,RANGER,1992
1FTEW1CF5GKE16800,Ford,F-150,2016
1FADP3K25JL312740,FORD,FOCUS,2018
1ZVHT80N985157185,FORD,MUSTANG,2008
1FAFP363X3W226420,Ford,Focus Wagon,2003
1FAFP4448XF189908,FORD,MUSTANG,1999
1ftex1c51jfa69258,Ford,F-150,2018
1FTFX1ETXEFC82389,Ford,F-150,2014
1fmcu93108ke77842,FORD,Escape,2008
1FMEU53837UA77565,FORD,EXPLORER SPORT TRAC,2007
1FMSK8DH3MGA93977,Ford,Explorer,2021
1FTDR15X5RPB67400,FORD,RANGER,1994
1zvbp8cf3e5213647,FORD,MUSTANG,2014
1ZVBP8AM5C5237625,FORD,MUSTANG,2012
1FTCR14A1RPB98586,FORD,RANGER,1994
1FTER4FH7MLD93323,Ford,Ranger,2021
1FTEW1EG5HFB63249,Ford,F-150,2017
1FTCR10A9NUA09507,Ford,Ranger,1992
1FMCU9J99DUC71488,FORD,ESCAPE,2013
1FAHP35N98W144701,FORD,FOCUS,2008
1ZVFT82H965206641,FORD,MUSTANG,2006
1FM5K7F86HGC23213,Ford,Explorer,2017
1FMCU93148KE78668,Ford,Escape,2008
1FMJU1LT7FEF37721,FORD,EXPEDITION,2015
1FMJK1HT3HEA01298,Ford,Expedition,2017
1fafp34nx5w316531,FORD,FOCUS,2005
1fahp3h25cl317268,FORD,FOCUS,2012
1FTFW1EF4DKE73776,Ford,F-150,2013
1FAFP45X32F107665,FORD,MUSTANG,2002
1FM5K8GC3MGB68030,Ford,Explorer,2021
1FA6P8TH6H5225338,Ford,Mustang,2017
1FTEW1EP4MKD24496,Ford,F-150,2021
1Fmhk8d84cga78378,Ford,Explorer,2012
1FADP3K2XDL152200,FORD,FOCUS,2013
1FTDF15N6PKB50025,Ford,F-150,1993
1FTEW1CM1BKD10027,FORD,F-150,2011
1FTFW1E56MFA78191,Ford,F-150,2021
1FMCU9J97LUC33675,Ford,Escape,2020
1FAHP3H25CL367703,FORD,FOCUS,2012
1FTEW1E43KKE35897,Ford,F-150,2019
1FTPW14524KD25865,FORD,F-150,2004
1FAFP45X03F308439,FORD,MUSTANG,2003
1ftpw14577kd20665,FORD,F-150,2007
1FADP3K23DL305953,FORD,FOCUS,2013
1FMSK7DH7LGA80707,FORD,Explorer,2020
1FAFP38363W309405,Ford,Focus,2003
1FMCU93106KC13338,Ford,Escape,2006
1FTYR10U92TA18919,FORD,RANGER,2002
1ftpw14v29fa61286,FORD,F-150,2009
1FMDU64W85UB43510,Ford,Explorer,2005
1FMZU64W82ZB70100,FORD,EXPLORER,2002
1FAHP3N21CL402984,FORD,FOCUS,2012
1FMZU73K64ZA15178,FORD,EXPLORER,2004
1FMYU93175KD27678,Ford,Escape,2005
1FMCU0G70FUA58546,Ford,Escape,2015
1FMHK7F85BGA88066,FORD,EXPLORER,2011
1FTEW1C54JKE91941,FORD,F-150,2018
1FMEU17LXVLA15090,FORD,EXPEDITION,1997
1FADP3N22DL196011,Ford,Focus,2013
1FMPU15526LA29435,FORD,EXPEDITION,2006
1FTRW07613KA38815,FORD,F-150,2003
1FTZX17251KC04962,Ford,F-150,2001
1FMDU34X0SUB76133,FORD,EXPLORER,1995
1ftzr45e05pa45950,FORD,RANGER,2005
1FTPW12594KB97191,Ford,F-150,2004
1FTDX1760VNA63784,FORD,F-150,1997
1FTRW08LX2KD37884,FORD,F-150,2002
1fmsk8dh9lgb15382,FORD,Explorer,2020
1FADP3F26DL315211,FORD,FOCUS,2013
1FADP3E24DL220499,FORD,FOCUS,2013
1FAHP3F20CL423677,FORD,Focus,2012
1ZVBP8AMXC5245042,Ford,Mustang,2012
1FMZU73K83UA83722,Ford,Explorer,2003
1FMCU22X9PUC54151,FORD,EXPLORER,1993
1FMZU73E24UC02702,Ford,Explorer,2004
1FTPW14555KE12404,FORD,F-150,2005
1FMYU93155KB08640,FORD,ESCAPE,2005
1FAFP34P82W359701,FORD,FOCUS,2002
1fTEW1CG8FKE71703,Ford,F-150,2015
1ZVFT82H165174672,FORD,MUSTANG,2006
1FTFW1ET8BFC25378,FORD,F-150,2011
1FMFU20546LA57505,FORD,EXPEDITION,2006
1FTZX17291NB04622,FORD,F-150,2001
1FTFW1EFXBFC70414,FORD,F-150,2011
1FTFW1ETXCFB65086,FORD,F-150,2012
1FTFW1EF5CFA44461,FORD,F-150,2012
1FTFW1CT0DFC20469,FORD,F-150,2013
1FTFW1ET1EKF23170,FORD,F-150,2014
1FTYR44U34PA00049,Ford,Ranger,2004
1FTRX14W88FB67657,FORD,F-150,2008
1ftpw14535fa30882,FORD,F-150,2005
1FTFW1ET6BFB36795,FORD,F-150,2011
1FMEU7DE9AUA75875,FORD,EXPLORER,2010
1FMCU0GD9JUC19393,Ford,Escape,2018
1FMCU0GX0EUE41157,Ford,Escape,2014
1FTEW1EG4FFB56872,Ford,F-150,2015
1FADP3FE9JL216856,Ford,Focus,2018
1FADP3K26JL299593,Ford,Focus,2018
1FTFW1EF2BKD05115,FORD,F-150,2011
1FTPX14V17FA84441,Ford,F-150,2007
1FTZR15E14PB24685,FORD,RANGER,2004
1FMCU0H91DUC72121,Ford,Escape,2013
1FTRF17213NA17786,FORD,F-150,2003
1fmzu73x7yza08029,FORD,EXPLORER,2000
1fM5K8D89GGB10413,Ford,Explorer,2016
1FTZR15E26PA14196,FORD,RANGER,2006
1fahp35n29w258377,FORD,FOCUS,2009
1FAFP42X84F200124,FORD,MUSTANG,2004
1FM5K8DH8GGA42038,Ford,Explorer,2016
1FMFU18556LA45314,Ford,Expedition,2006
3FAFP31313R117435,FORD,FOCUS,2003
1FM5K7F8XDGC78032,FORD,EXPLORER,2013
1ftpx14535fb76163,Ford,F-150,2005
1FTZR15V2XPB64519,FORD,RANGER,1999
3FAFP31312R167069,FORD,FOCUS,2002
1FMZU35P6WZB63819,FORD,EXPLORER,1998
1FTMF1C5XKKD66200,Ford,F-150,2019
1FMCU0JX1EUC68029,Ford,Escape,2014
1FAFP42X1YF106995,Ford,Mustang,2000
1FAFP42X04F108912,Ford,Mustang,2004
1FTYR10D68PB14315,Ford,Ranger,2008
1FMCU0HD5KUA63370,Ford,Escape,2019
1FATP8UH2L5101349,Ford,Mustang,2020
1FMCU0J91KUB82796,Ford,Escape,2019
1FAFP45X0WF107547,FORD,MUSTANG,1998
1FTZR45EX4PB53264,FORD,RANGER,2004
1FMEU64E86UB64368,FORD,EXPLORER,2006
1fahp3j27cl335006,Ford,Focus,2012
1FTFX1EF6DKF33585,Ford,F-150,2013
1ftyr10u43pb41912,FORD,RANGER,2003
1ftzR15e61ta54796,FORD,Ranger,2001
1FMFU15508LA03009,FORD,EXPEDITION,2008
1FTEX15N2PKA95526,FORD,F-150,1993
1FTMF1C57KKD60192,Ford,F-150,2019
1FMCU0F76FUA34382,Ford,Escape,2015
1FTRW07662KA47945,FORD,F-150,2002
1ZVBP8FFXB5135276,FORD,MUSTANG,2011
1FMZU67E91UA52782,Ford,Explorer Sport Trac,2001
1FAHP3F26CL384674,FORD,FOCUS,2012
1FMCU0GX1DUD08602,FORD,ESCAPE,2013
1ZVBP8CF0E5248842,Ford,Mustang,2014
1FMJK2AT2MEA13551,Ford,Expedition,2021
1FMJU1GT4MEA02241,Ford,Expedition,2021
1FMYU02Z26KA30239,FORD,ESCAPE,2006
3FAFP31301R159673,Ford,Focus,2001
1fahp3fn6bw104114,Ford,Focus,2011
1FMCU59369KA85922,Ford,Escape Hybrid,2009
1FTER4FH5KLB12889,Ford,Ranger,2019
1FMYU93155KA95002,FORD,ESCAPE,2005
1fmcu9d70akc13772,Ford,Escape,2010
1FAFP44433F418425,FORD,Mustang,2003
1FMCU0GX7GUA18322,Ford,Escape,2016
1FAFP34N36W124854,FORD,FOCUS,2006
1FADP3K2XEL333430,Ford,Focus,2014
1FTPX12525FA67647,FORD,F-150,2005
1FTDF15Y7RLB52888,FORD,F-150,1994
1FAHP3FN0AW143165,FORD,FOCUS,2010
1FAFp33P13W240603,FORD,FOCUS,2003
1FATP8UH5J5143236,Ford,Mustang,2018
1FMCU0GD3HUE54463,FORD,Escape,2017
1fmpu17l64lb36657,Ford,Expedition,2004
1fadp3f21gl306775,Ford,Focus,2016
1FAHP3H2XCL196222,FORD,FOCUS,2012
1FTFW1EV3AFA18204,Ford,F-150,2010
1FTPX04556KD72303,Ford,F-150,2006
1FADP3F27DL188260,FORD,FOCUS,2013
1FMCU03128KE19114,FORD,ESCAPE,2008
1FTMF1CB4LKE56420,Ford,F-150,2020
1ftrf12236na07921,Ford,F-150,2006
1FTKR1ED9BPA25165,FORD,RANGER,2011
1FMJU1KT6HEA74412,Ford,Expedition,2017
1FmJk1kt3mea41299,Ford,Expedition,2021
1FMZU32E6WZB87959,FORD,EXPLORER,1998
1FA6P8CF5J5166772,Ford,Mustang,2018
1FTRF12248KF02813,FORD,F-150,2008
1FTRW08L72KC06959,FORD,F-150,2002
1FABP26A0GF150929,FORD,MUSTANG,1986
1FTYR10D28PA53027,FORD,RANGER,2008
1FM5K7D86JGC54258,FORD,Explorer,2018
1FTDF1728VND21968,FORD,F-150,1997
1FTEW1EG4FFB47850,FORD,F-150,2015
1FMYU93115KC92359,FORD,ESCAPE,2005
1FTMF1C83GKE70495,Ford,F-150,2016
1FTPX14566NB49742,FORD,F-150,2006
1FMYU95H26KD48997,Ford,Escape Hybrid,2006
1FM5K7D89GGA95194,Ford,Explorer,2016
1FTYR14VX1PB31367,Ford,Ranger,2001
1FTEW1E47KKC50199,Ford,F-150,2019
1fm5k8d86dga39702,Ford,Explorer,2013
1FAFP40463F306644,FORD,MUSTANG,2003
1FM5K8F83DGA57314,Ford,Explorer,2013
1FAFP34P32W241135,FORD,FOCUS,2002
1FTFW1ET9DFA97414,FORD,F-150,2013
1FADP3J2XFL235341,FORD,FOCUS,2015
1ftrx18w0ykb01914,FORD,F-150,2000
1FTFW1CV3AFC34041,Ford,F-150,2010
1FTRF12W96KD82667,Ford,F-150,2006
1ZVBP8CF3C5203598,FORD,MUSTANG,2012
1FAFP404X1F103088,Ford,Mustang,2001
1fmcu0gx9gua48986,Ford,Escape,2016
1FTEW1E46LKE44594,Ford,F-150,2020
1zvbp8amxc5276677,FORD,MUSTANG,2012
1FM5K8D82FGA99270,Ford,Explorer,2015
1FMCU0JX0EUC19792,FORD,ESCAPE,2014
1fafp49y13f413381,FORD,MUSTANG SVT COBRA,2003
1FTPW14V06FB42377,Ford,F-150,2006
1FMCU9G90HUC03271,Ford,Escape,2017
1FAFP45X84F150711,FORD,MUSTANG,2004
1FTDF15YXGNA76326,FORD,F-150,1986
1FM5K7F85HGB50058,Ford,Explorer,2017
1FTDF15Y6RNB48187,FORD,F-150,1994
1FAHP3E25CL126857,FORD,FOCUS,2012
1ZVHT82H265240591,Ford,Mustang,2006
1FTEW1EF4GFB25923,FORD,F-150,2016
1FMYU93116KB35979,FORD,ESCAPE,2006
1FTPX045X4KB01153,FORD,F-150,2004
1FAFP33P23W178855,Ford,Focus,2003
1FAFP31N17W278498,FORD,FOCUS,2007
1FTFW1ETXEFA03963,FORD,F-150,2014
1FMYU93184KA98037,FORD,ESCAPE,2004
1FMZU63K93UB86710,FORD,EXPLORER,2003
1FTZR15X6XPB38765,FORD,RANGER,1999
1FTRF12206NA66778,Ford,F-150,2006
1FAFP45X5WF210236,FORD,MUSTANG,1998
1FMCU9C72AKD34711,Ford,Escape,2010
1FAHP3GN4AW284982,FORD,FOCUS,2010
1FADP3L9XJL274305,Ford,Focus,2018
1FMCU22X1TUC76817,FORD,EXPLORER,1996
1FTEW1C84HFC05504,FORD,F-150,2017
1FM5K8D81DGB04438,FORD,EXPLORER,2013
1FTDR15X0PPA92392,Ford,Ranger,1993
1FMCU9GX9FUB99913,Ford,Escape,2015
1ftew1eg2jkc68778,FORD,F-150,2018
1FTMF1CW1AKE66290,Ford,F-150,2010
1FAHP33NX8W253915,Ford,Focus,2008
1FAFP4044XF161240,FORD,MUSTANG,1999
1FTRX18LX2NA69825,Ford,F-150,2002
1FM5K7D85DGC29825,FORD,EXPLORER,2013
1FTRX18L2YNA25276,FORD,F-150,2000
1FTEW1EPXKFB21912,Ford,F-150,2019
1fmfu18518la69371,FORD,EXPEDITION,2008
1FTEX15F7EKA01002,FORD,F-150,1984
1FMCU9GD8KUC21254,Ford,Escape,2019
1FAFP42XXYF186121,Ford,Mustang,2000
1ftew1e57jkd93869,FORD,F-150,2018
1FMRU18W3WLA20644,FORD,EXPEDITION,1998
1FAHP35N39W185116,FORD,FOCUS,2009
1FA6P8CF5L5189763,Ford,Mustang,2020
2FTRX18W42CA15484,FORD,F-150,2002
1FTFW1EF5BFB76070,FORD,F-150,2011
1FMCU9EG6CKB48203,Ford,Escape,2012
1FMZU35P7WUA09147,FORD,EXPLORER,1998
1FTEW1EF6FKD96813,FORD,F-150,2015
1FTFW1EV0AFB46528,FORD,F-150,2010
1FAFP4046WF143269,FORD,MUSTANG,1998
1FMCU9GX2EUD46572,Ford,Escape,2014
1FAFP42XX4F106455,Ford,Mustang,2004
1FTYR10D21PB10509,FORD,RANGER,2001
1FMHK8F88CGA17323,FORD,EXPLORER,2012
1ZVFT84N155216467,FORD,MUSTANG,2005
1ZVFT84N265244263,FORD,MUSTANG,2006
1fmpu18l6yla60152,Ford,Expedition,2000
1ZVHT84N285185386,Ford,Mustang,2008
1FTEW1CP1JKE13733,Ford,F-150,2018
1FADP3E23EL238817,Ford,Focus,2014
1zvft80n365239188,FORD,MUSTANG,2006
1FTFW1ET0BFA80806,Ford,F-150,2011
1FMCU9GX8GUC29825,Ford,Escape,2016
1FTEW1C80AFC46203,FORD,F-150,2010
1FMPU18L81LB71291,FORD,EXPEDITION,2001
1FTZX1762WNB66289,FORD,F-150,1998
1FAFP40433F364808,FORD,MUSTANG,2003
1FMCU0F72KUA50511,Ford,Escape,2019
1FTEW1EP7MKD92548,Ford,F-150,2021
1FTFW1ET8CFA88914,FORD,F-150,2012
1FTEW1E53KKE61487,Ford,F-150,2019
1FTPX145X4NA90224,Ford,F-150,2004
1FADP3F21FL277776,Ford,Focus,2015
1FTEF15Y6TLC20707,FORD,F-150,1996
1FTEX15N8NKA86665,FORD,F-150,1992
1ZVHT80N685208495,FORD,MUSTANG,2008
1ZVHT85H385123942,FORD,MUSTANG,2008
1FMCU9G6XMUA50947,FORD,Escape,2021
1FMYU031X7KB59906,FORD,ESCAPE,2007
1FTRX17L81NB59930,FORD,F-150,2001
1FMZU67E32UB57173,FORD,EXPLORER+SPORT+TRAC,2002
1FMEU63E37UA71647,FORD,EXPLORER,2007
1FMZU72E12UA83393,FORD,EXPLORER,2002
1ftrx17lxynb98495,FORD,F-150,2000
1FAFP31N57W346396,FORD,FOCUS,2007
1FTYR11U36PA10859,Ford,Ranger,2006
1FMCU9DGXAKC68830,FORD,ESCAPE,2010
1FMCU0G95HUC88877,Ford,Escape,2017
1FTEF14N2KNA49495,FORD,F-150,1989
1fmeu73e87ub16751,FORD,EXPLORER,2007
1FTPW14544KC21409,FORD,F-150,2004
1FTFX1EV2AFC28340,FORD,F-150,2010
1FMDU62K73UC37536,FORD,EXPLORER,2003
1FMFU17L44LB20825,FORD,EXPEDITION,2004
1FMDU34X0SZB01838,FORD,EXPLORER,1995
1FTKR1AD3BPA88297,Ford,Ranger,2011
1FMDU63K85UA93139,FORD,EXPLORER,2005
2FTRX08L93CA39250,Ford,F-150,2003
1FMCU9G94HUC87966,Ford,Escape,2017
1FATP8UH2J5156347,Ford,Mustang,2018
1FMJK1G5XEEF42105,Ford,Expedition,2014
1FTEW1CP7FKF02391,Ford,F-150,2015
1FTRX12W96KB62068,Ford,F-150,2006
1FTFW1E80MFA90296,Ford,F-150,2021
1FM5K8F85FGC13615,Ford,Explorer,2015
1FTPW14554KD29764,FORD,F-150,2004
1FTDF15R5RLB04783,FORD,F-150+SVT+LIGHTNING,1994
1FMCU9GX3DUA11741,Ford,Escape,2013
1FM5K7D84JGA34360,Ford,Explorer,2018
1FTPX14505NA67889,FORD,F-150,2005
1FTYR14U7WPB34385,Ford,Ranger,1998
1FADP3F28FL242443,Ford,Focus,2015
1FTYR14V8YPA04904,FORD,RANGER,2000
1FMEU72E76UA32209,Ford,Explorer,2006
1FMJK1HT1JEA27422,FORD,EXPEDITION MAX,2018
1FTFW1EF0HFA15683,Ford,F-150,2017
1FMFU18L34LB01035,FORD,EXPEDITION,2004
1fmeu64e98ua27006,FORD,EXPLORER,2008
1FTPX14V57FB65796,Ford,F-150,2007
1FTNF1CF9CKD54263,FORD,F-150,2012
1FABP28M5FF162337,Ford,Mustang,1985
1ZVBP8EM0C5217941,FORD,MUSTANG,2012
1FAHP36N39W217819,FORD,FOCUS,2009
1FM5K7D81FGc57057,Ford,Explorer,2015
1FTRW07L91KC27778,FORD,F-150,2001
1FA6P8CF7K5197734,Ford,Mustang,2019
1FM5K8F8XDGA64938,FORD,EXPLORER,2013
1ZVBP8EM7B5157851,Ford,Mustang,2011
1FMRU1868XLA79416,FORD,EXPEDITION,1999
1FMJU2AT1KEA40120,Ford,Expedition,2019
1ftcr15x1nta03378,Ford,Ranger,1992
1FMRU15W11LA03046,FORD,EXPEDITION,2001
1FTRF17WX2nA06626,Ford,F-150,2002
2FTRX18L4XCA18527,Ford,F-150,1999
1FM5K8AT9FGC66815,Ford,Explorer,2015
1FTCR10A2TUD70526,Ford,Ranger,1996
1ZVBP8CF3D5253810,FORD,MUSTANG,2013
1FTFW1EF3DFD04700,Ford,F-150,2013
1FMCU0J98HUB91522,FORD,ESCAPE,2017
1ZVBP8AM0E5269398,FORD,MUSTANG,2014
1FMRU15L41LA26942,FORD,EXPEDITION,2001
1FMCU0GX5EUC97816,Ford,Escape,2014
1FMCU04131KE81240,FORD,ESCAPE,2001
1FM5K8D88DGA76542,Ford,Explorer,2013
1FTFW1ET0CFB93737,FORD,F-150,2012
1ZVBP8EM3C5230554,Ford,Mustang,2012
1FMDU34XXMUA27716,FORD,EXPLORER,1991
1FADP3F22EL368957,Ford,Focus,2014
1FA6P8TH6K5156819,Ford,Mustang,2019
1ftpw14v49fa30914,FORD,F-150,2009
1FMDU32X6RUD01200,FORD,EXPLORER,1994
1FMCU03G49KC79928,Ford,Escape,2009
1FATP8UH0L5135967,Ford,Mustang,2020
1FAFP40493F403465,FORD,MUSTANG,2003
1FMCU9D75BKB54106,Ford,Escape,2011
1FTFW1EV2AFB46059,FORD,F-150,2010
1FTEW1CFXGKF89874,Ford,F-150,2016
1fm5k8d83kgb32612,Ford,Explorer,2019
1FTEW1E43LFB36663,Ford,F-150,2020
1FTPW14534KB77340,FORD,F-150,2004
1FMZU34EXWZA91555,FORD,EXPLORER,1998
1FMJK1H59CEF06417,FORD,EXPEDITION EL,2012
1FTFX1CF3BFB63043,FORD,F-150,2011
1FTEW1EG9LFA91576,Ford,F-150,2020
1FMCU0GD3KUA34919,Ford,Escape,2019
1FTYR10D22TA74040,FORD,RANGER,2002
3fafp31n65r104037,FORD,Focus,2005
1ftpw14544kc70965,FORD,F-150,2004
1FADP3F27EL155082,Ford,Focus,2014
1FTYR10D57PA46619,FORD,RANGER,2007
1FMFU17L73LA67844,FORD,EXPEDITION,2003
1FMZU73K43UA73687,FORD,EXPLORER,2003
1FMEU74EX6UA32542,FORD,EXPLORER,2006
1ZVFT85H555223091,Ford,MUSTANG,2005
1FAHP3FN6AW143378,FORD,FOCUS,2010
1FTRW128X9KC82373,FORD,F-150,2009
1FALP46V5VF155883,FORD,MUSTANG+SVT+COBRA,1997
1FMZU73K15UA12090,Ford,Explorer,2005
1FTEW1E86NFA70924,Ford,F-150,2022
1FTEW1CB2MKD61473,Ford,F-150,2021
1FTFX1EFXBFC47325,FORD,F-150,2011
1FTEW1C87AKB98223,FORD,F-150,2010
1FMCU93168KC32057,FORD,ESCAPE,2008
1FTEW1E41KKE13610,Ford,F-150,2019
1FTDE14F8DHA31219,FORD,E-150,1983
1fa6p8sj3l5502623,Ford,Mustang,2020
1FTFX1EF5EKF14088,Ford,F-150,2014
1FMDU34X9NUA84961,FORD,EXPLORER,1992
1FMCU0F73HUC43906,FORD,ESCAPE,2017
1fmhk7f89bga00510,Ford,Explorer,2011
1FTLR4FE4BPA40816,FORD,RANGER,2011
1FM5K8AR4KGA13318,Ford,Explorer,2019
1FTEW1EG4FFB13343,Ford,F-150,2015
1FTRX17L42NA45599,Ford,F-150,2002
1FAHP3M28CL282053,FORD,FOCUS,2012
1FTDX1768VKD55944,Ford,F-150,1997
1FMEU176XVLB82897,FORD,EXPEDITION,1997
1ftef14y5pla42733,Ford,F-150,1993
1FTCR10A6MTA10568,Ford,Ranger,1991
1FA6P8R0XM5550313,Ford,Mustang,2021
1FMCU0GX3EUA37270,FORD,ESCAPE,2014
1FM5K7D85GGC85428,Ford,Explorer,2016
1FABP45E0JF249600,FORD,MUSTANG,1988
1FTEW1C57JFB78861,Ford,F-150,2018
1FTRW07303KC32502,Ford,F-150,2003
1FA6P8CF3F5434922,Ford,Mustang,2015
1FMCU0GX6DUA85991,FORD,ESCAPE,2013
1FTEW1E5XKFA69308,Ford,F-150,2019
1FADP3F29DL333380,FORD,FOCUS,2013
1ZVHT80N295124613,FORD,MUSTANG,2009
1FTEW1C88FKD44992,Ford,F-150,2015
1ZVBP8AM5E5230290,Ford,Mustang,2014
2FTRF17254CA56243,FORD,F-150 HERITAGE,2004
1FTPX14558FA63254,FORD,F-150,2008
1FTFW1E54MFC10378,Ford,F-150,2021
1FTFW1ET8EKF74780,Ford,F-150,2014
1FM5K7D82FGC53714,Ford,Explorer,2015
1FMCU9GX5FUB16820,Ford,Escape,2015
1FMCU9G97HUC81059,Ford,Escape,2017
1FTEW1EG4HFB12521,Ford,F-150,2017
1FTFW1EF6DKD63084,FORD,F-150,2013
1FMCU02Z28KA57356,FORD,ESCAPE,2008
2FTZF17251CA52074,Ford,F-150,2001
1FTRW073X3KC23953,Ford,F-150,2003
1ZVFT82H965251644,Ford,Mustang,2006
1FTFW1Ef0hfb58259,FORD,F-150,2017
1FTEF14Y8LLA69712,FORD,F-150,1990
1FA6P8TH5K5143799,Ford,Mustang,2019
1fmfu16558la03697,FORD,EXPEDITION,2008
1FMZU63E02UC70827,FORD,EXPLORER,2002
1FMCU03G79KC46146,FORD,ESCAPE,2009
1FMCU0DG9CKA93534,FORD,ESCAPE,2012
1FAFP406X4F214617,Ford,Mustang,2004
1FTMF1CM8DKG36146,Ford,F-150,2013
1fadp3e24hl344357,Ford,Focus,2017
1fahp32n38w158484,FORD,FOCUS,2008
1FMHK7F90CGA84047,FORD,EXPLORER,2012
1FADP3F29DL293852,Ford,Focus,2013
1FTFW1C66DFA34638,Ford,F-150,2013
1ZVBP8AM1E5278546,Ford,Mustang,2014
1FTFX1E56JKD47371,FORD,F-150,2018
1FTEX1EM7DKF43729,Ford,F-150,2013
1FTPW145X4KD46186,Ford,F-150,2004
1FMJU1HT9MEA70257,Ford,Expedition,2021
1FM5K8GT4JGB41267,Ford,Explorer,2018
1FTCR14T3GPB64762,Ford,Ranger,1986
1FTFW1EF7BFB89967,Ford,F-150,2011
1FTEW1C45KKD05901,Ford,F-150,2019
1FTPW12565KE28601,FORD,F-150,2005
1FAFP4046YF210777,Ford,Mustang,2000
1FTPW12V17KD36489,Ford,F-150,2007
1FTFW1ET1CKD13178,FORD,F-150,2012
1FA6P8TH2F5396391,Ford,Mustang,2015
1FTDX18W5VNC98101,FORD,F-150,1997
1FMCU59379KA99389,Ford,Escape Hybrid,2009
1FAHP3F25CL168752,FORD,FOCUS,2012
1FTEW1EF3HFB71342,Ford,F-150,2017
1FTEF15H2LLA52273,FORD,F-150,1990
1FADP3F2XDL156662,Ford,Focus,2013
1FTRW07373KC22971,Ford,F-150,2003
1FTRF17L9YNB82291,Ford,F-150,2000
1ZVFT85H555167640,FORD,MUSTANG,2005
1FTEF15N5RLA20206,FORD,F-150,1994
1ZVHT82HX85160068,FORD,MUSTANG,2008
1FTYR10VXYTB24894,FORD,RANGER,2000
1FADP3F25DL242459,FORD,FOCUS,2013
1FMRU1560YLB00992,FORD,EXPEDITION,2000
1FTEW1CM7DFC28976,FORD,F-150,2013
1FTZX1769WNB03867,Ford,F-150,1998
1ZVBP8CU0C5253745,Ford,Mustang,2012
1FM5K8HT8HGB11827,Ford,Explorer,2017
1fafp40684f203096,Ford,Mustang,2004
1FTPW14535KC61594,FORD,F-150,2005
1FAHP3H29CL184935,FORD,FOCUS,2012
1FA6P8TH9K5105055,Ford,Mustang,2019
1FTCR10AXLUB97774,Ford,Ranger,1990
1FTFW1EF7HKE53107,Ford,F-150,2017
1FTFW1EV1AFB36347,FORD,F-150,2010
1FACP40M8NF146269,FORD,MUSTANG,1992
1FTZX1720XNA76525,FORD,F-150,1999
1FTCR14A7PPB36980,Ford,Ranger,1993
1fmsk7dh3lga14767,Ford,Explorer,2020
1FMCU03148KA39269,FORD,ESCAPE,2008
1FMCU03145KA63146,Ford,Escape,2005
1FMYU93155KB11554,FORD,ESCAPE,2005
1FTPX12516NA79456,FORD,F-150,2006
1FMRU18W8WLA60900,Ford,Expedition,1998
1FADP3N24EL359467,FORD,FOCUS,2014
1FADP3F2xfl325775,Ford,Focus,2015
1FTFX1ET4CFB50113,FORD,F-150,2012
1FMCU0H62LUB01527,Ford,Escape,2020
1FA6P8CF5J5118348,Ford,Mustang,2018
1FTYR14U28PA53362,FORD,Ranger,2008
1FTFW1EF7BFB03735,Ford,F-150,2011
1FMCU0F78DUB69117,FORD,ESCAPE,2013
1FTFX1EF2CFD09351,Ford,F-150,2012
1ZVBP8FF0D5205578,FORD,MUSTANG,2013
1FTDF15Y2SNB72203,Ford,F-150,1995
1FTFW1CF8CFC39439,FORD,F-150,2012
1FMCU9GX3EUB45652,FORD,ESCAPE,2014
1FAHP3H21CL324802,Ford,Focus,2012
1ftew1efxhkd78754,Ford,F-150,2017
1FACP42E5PF181957,FORD,MUSTANG,1993
1ZVBP8CF8D5235903,FORD,MUSTANG,2013
1ftdf15n1pnb26598,FORD,F-150,1993
1FADP3F27EL304767,FORD,FOCUS,2014
1FMZU63K14UA48435,Ford,Explorer,2004
1ZVHT82H785110986,FORD,MUSTANG,2008
1FMCU9H97DUD78691,Ford,Escape,2013
1FMCU9H97LUB61821,Ford,Escape,2020
1FAFP404XYF242096,Ford,Mustang,2000
1FAHP3FN4BW172380,FORD,FOCUS,2011
1fmcu0g96duc44896,FORD,ESCAPE,2013
1ZVHT82H775363627,FORD,MUSTANG,2007
2FTRF18W04CA46480,Ford,F-150 Heritage,2004
1FMYU03171KF17874,FORD,ESCAPE,2001
1FMCU59H48KE46400,Ford,Escape Hybrid,2008
1FTPW14V69KC52216,Ford,F-150,2009
1FM5K7D8XDGB27016,FORD,EXPLORER,2013
1FMCU0G92HUE30540,FORD,ESCAPE,2017
1ftpw12v88fb56064,Ford,F-150,2008
1ftrx17232nc07357,Ford,F-150,2002
1FM5K8F82FGB17229,FORD,EXPLORER,2015
1FTYR14U52TA20953,Ford,Ranger,2002
1fafp42x4yf214107,Ford,Mustang,2000
1zVBP8AN9A5143771,FORD,MUSTANG,2010
1FTPW14VX7FA44488,Ford,F-150,2007
1FTFX1EF8DFA71099,FORD,F-150,2013
1FM5K7F88DGA17420,FORD,EXPLORER,2013
1FMCU9G90HUA24177,Ford,Escape,2017
1FMCU0G99DUD16142,FORD,ESCAPE,2013
1FMCU0GX2DUD26624,Ford,Escape,2013
1FTRW02W17KD03665,FORD,F-150,2007
1ftyr14c7wta26847,Ford,Ranger,1998
1FTKR1ED4BPA68022,Ford,Ranger,2011
1FTYR10CXYTB30631,Ford,Ranger,2000
1ZVFT80N865161183,Ford,Mustang,2006
1FTRF14544NC15584,FORD,F-150,2004
3fafp31392r191877,Ford,Focus,2002
1zvht85h355236026,Ford,MUSTANG,2005
1FM5K7D88GGC85715,FORD,EXPLORER,2016
1FMZU67K95UB77759,FORD,EXPLORER+SPORT+TRAC,2005
1Ftvx12v09ka81647,FORD,F-150,2009
1FADP3L91HL235192,FORD,FOCUS,2017
1FM5K7D87FGB40292,Ford,Explorer,2015
1FTCR14A3SPA46654,FORD,RANGER,1995
1FTRF08L7XKA01973,FORD,F-150,1999
1FMJU2AT0FEF28044,Ford,Expedition,2015
1ftew1eg0gkg02511,Ford,F-150,2016
1FM5K8D84HGD97077,Ford,Explorer,2017
1ftrf12w47kc26344,Ford,F-150,2007
1FTPW14564FA42295,FORD,F-150,2004
1FTYR14U11PA95270,FORD,RANGER,2001
1FMCU9G61LUA44582,,,
